RAW_PRODUCT, REAL_PRODUCT
cerveza pilsen en lata, Cerveza PILSEN Lata 1Un 473Ml
Inca Cola mediana, Gaseosa INCA KOLA Botella 500Ml
papas Pringles, Piqueo PRINGLES Original Real Madrid Lata 168Gr
Cigarro Lucky Strike, Cigarros LUCKY STRIKE Red Caja 20Un
botella de Pilsen pequeña, Cerveza PILSEN Botella 1Un 310Ml
Detergente de 2 kg Ariel, Detergente en polvo ARIEL Regular Bolsa 2Kg
condones, Preservativos DUREX Climax mutuo Paquete 3Un
chicltes para el mal aliento, Goma de mascar TRIDENT Herbal Envoltura 30.6Gr
papel higienico, Papel higienico doble hoja ELITE Hoja ultra Paquete 4Un
pan, Pan BIMBO Slim blanco Bolsa 360Gr
yogurt, Yogurt GLORIA Bebible fresa Botella 1Kg
durazno, Durazno en conserva A-1 Mitades en almíbar Lata 820Gr
cerveza, Cerveza PILSEN Botella 1Un 310Ml
Popcorn, Maíz Pop Corn PAISANA Bolsa 500Gr
Gaseosa, Gaseosa INCA KOLA Botella 2.25L
Piqueos, Piqueo FRITO LAY PIQUEO SNAX Sabores variados Paquete 1Un 230Gr
Cervezas, Cerveza PILSEN Paquete 6Un Botella 310Ml
Cerveza, Cerveza PILSEN Botella 1Un 310Ml
Papas fritas, Piqueo FRITO LAY LAY'S CLÁSICA Hojuelas de papas fritas Bolsa 185Gr
Juguete para perro, Accesorio mascota ACCECAN Juguete para perro pelota pequeña
Ron, Ron CARTAVIO Selecto 5 años Botella 750Ml
Gaseosa, Gaseosa INCA KOLA Botella 2.25L
Cerveza, Cerveza PILSEN Botella 1Un 310Ml
Papitas fritas, Piqueo FRITO LAY LAY'S CLÁSICA Hojuelas de papas fritas Bolsa 185Gr
Agua, Agua de mesa SAN LUIS Sin gas Botella 625Ml
Gaseosa, Gaseosa INCA KOLA Botella 2.25L
Ron, Ron CARTAVIO Selecto 5 años Botella 750Ml
Desodorante, 
Pan, Pan BIMBO Slim blanco Bolsa 360Gr
Comida para perro, 
Huevos, Huevos BELL'S Blancos de gallina Bandeja 15Un
Gaseosa, Gaseosa INCA KOLA Botella 2.25L
cigarros lucky, Cigarros LUCKY STRIKE Red Caja 20Un
gaseosa inka kola de medio litro, Gaseosa INCA KOLA Botella 500Ml
barra de halls de sandia, Caramelos HALLS Sandia Envoltura 25.2Gr
botella de cerveza pilsen pequeña, Cerveza PILSEN Botella 1Un 310Ml
gaseosa scheppes mediana, Ginger ale SCHWEPPES Botella 500Ml
Refresco, Refresco CIFRUT Citrus punch Botella 500Ml
Cigarros, Cigarros HAMILTON Light Caja 20Un
Gaseosa, Gaseosa INCA KOLA Botella 2.25L
Goma de mascar, Goma de mascar TOPLINE INCA KOLA ZERO Sabor a kola amarilla 7.2Gr
Suave, Papel higiénico de doble hoja SUAVE Gentle care Paquete 16Un
Dove, Jabón para bebé DOVE Paquete 75Gr
Coca Cola, Gaseosa COCA COLA Botella 2.25L
Halls, Caramelos HALLS Fruit mix Envoltura 25.2Gr
pan, Pan BIMBO Slim blanco Bolsa 360Gr
leche, Leche GLORIA UHT Calcio y hierro Caja 1L
azucar, Azúcar BELL'S Blanca refinada Bolsa 1Kg
pilas, Pilas y baterias ENERGIZER AA Paquete 4Un
jugo de naranja, Néctar FRUGOS Naranja Caja 1L
Agua San Luis de litro, Agua de mesa SAN LUIS Sin gas Botella 1L
Coca Cola Zero, Gaseosa COCA COLA Zero Botella 2.25L
paquete de galletas Glacitas, 
paquete pequeño de tortees picantes, Piqueo FRITO LAY Tor-tees picante Bolsa 138Gr
sparkies, 
Shampoo, 
un champu jed an cholders, 
Pasta de dientes, Crema Dental DENTO Caja 150Ml
un jabonsillo, Jabón para bebé DOVE Paquete 75Gr
cerveza, Cerveza PILSEN Botella 1Un 310Ml
un refresco, Refresco ARUBA Citrus punch Botella 500Ml
energizante, Bebida energizante RED BULL Lata 250Ml
1 sol de pan, Pan BIMBO Slim blanco Bolsa 360Gr
una jamonada chica, 
Yogurt con Linaza Gloria, Yogurt GLORIA ACTIBIO Fresa con linaza Paquete 6Un Botella 200Gr
yogurt gloria, Yogurt GLORIA Bebible fresa Botella 1Kg
Huevos, Huevos BELL'S Blancos de gallina Bandeja 15Un
Detergente, Detergente en polvo ACE Regular Bolsa 2Kg
Galletas, 
gaeeosa, Gaseosa INCA KOLA Botella 2.25L
barra de halls, Caramelos HALLS Fruit mix Envoltura 25.2Gr
Pan, Pan BIMBO Slim blanco Bolsa 360Gr
Pasta dental, Crema Dental DENTO Caja 150Ml
Vallealto Special Mix, 
Repuesto de ayudin, 
Leche, Leche GLORIA UHT Calcio y hierro Caja 1L
Helado, 
pan, Pan BIMBO Slim blanco Bolsa 360Gr
lata de guarana, Gaseosa GUARANÁ Antartica Lata 350Ml
Azucar, Azúcar BELL'S Blanca refinada Bolsa 1Kg
Azúcar, Azúcar BELL'S Blanca refinada Bolsa 1Kg
Agua San Mateo sin gas, Agua mineral SAN MATEO Sin gas Botella 600Ml
maní Karinto, 
Absolut vodka, Vodka ABSOLUT 100 Botella 750Ml
Yogurt, Yogurt GLORIA Bebible fresa Botella 1Kg
Pan, Pan BIMBO Slim blanco Bolsa 360Gr
galletas,  
enrrollado de cerdo, 
Gaseosa, Gaseosa INCA KOLA Botella 2.25L
Arroz, 
Cabanossi con queso en bolsa, 
galletas chips ahoy, 
Cigarros pallmal, Cigarros PALL MALL Blue Caja 20Un
Paneton, 
Café, 
papas lays, Piqueo FRITO LAY LAY'S CLÁSICA Hojuelas de papas fritas Bolsa 185Gr
Leche, Leche GLORIA UHT Calcio y hierro Caja 1L
Agua, Agua de mesa SAN LUIS Sin gas Botella 625Ml
Cerveza Pilsen, Cerveza PILSEN Botella 1Un 310Ml
Ron cartavio black barrel, Ron CARTAVIO Black barrel Botella 750Ml
Papel higenico, Papel higienico doble hoja ELITE Hoja ultra Paquete 4Un
tallarines, 
inca kola mediana, Gaseosa INCA KOLA Botella 500Ml
Leche, Leche GLORIA UHT Calcio y hierro Caja 1L
caja de jugo de naranja laive, Néctar LAIVE Naranja Caja 1L
six pack de cerveza pilsen,	Cerveza PILSEN Paquete 6Un Botella 310Ml
vodka absolut, Vodka ABSOLUT 100 Botella 750Ml
papas fritas lays, Piqueo FRITO LAY LAY'S CLÁSICA Hojuelas de papas fritas Bolsa 185Gr
vino queirolo, Vino SANTIAGO QUEIROLO Gran Borgoña Botella 750Ml
te verde, Té líquido ARIZONA Green tea with gingseng and honey Botella 473Ml
Pan, Pan BIMBO Slim blanco Bolsa 360Gr
Gaseosa, Gaseosa INCA KOLA Botella 2.25L
Cigarros, Cigarros HAMILTON Light Caja 20Un
Leche, Leche GLORIA UHT Calcio y hierro Caja 1L
pan, Pan BIMBO Slim blanco Bolsa 360Gr
papas al hilo, Piqueo FRITO LAY LAY'S AL HILO Papas fritas crocantes al hilo Bolsa 155Gr
gaseosa, Gaseosa INCA KOLA Botella 2.25L
granola,
barras de cereal,
pan, Pan BIMBO Slim blanco Bolsa 360Gr
chicolac jr, Leche GLORIA CHICOLAC UHT Vainilla Caja 1Un 180Ml
dento, Crema Dental DENTO Caja 150Ml
botella pequeña de cerveza Pilsen, Cerveza PILSEN Botella 1Un 310Ml
cervecita Pilsen, Cerveza PILSEN Botella 1Un 310Ml
chela, Cerveza PILSEN Botella 1Un 310Ml
chilindrina, Cerveza PILSEN Botella 1Un 310Ml
chela helada, Cerveza PILSEN Botella 1Un 310Ml
chelas bien helenas, Cerveza PILSEN Paquete 6Un Botella 310Ml
cerveza Pilsen pequeña, Cerveza PILSEN Botella 1Un 310Ml
botella de cerveza, Cerveza PILSEN Botella 1Un 310Ml
cerveza, Cerveza PILSEN Botella 1Un 310Ml
six pack de cerveza, Cerveza PILSEN Paquete 6Un Botella 310Ml
champan, Espumante TABERNERO Demisec Botella 750Ml
botella de champan, Espumante TABERNERO Demisec Botella 750Ml
ronaldo, Ron CARTAVIO Black Botella 750Ml
Bolsa de Pop Corn, Maíz Pop Corn BELL'S Bolsa 500Gr
Palomitas de maiz, Maíz Pop Corn BELL'S Bolsa 500Gr
pokor, Maíz Pop Corn BELL'S Bolsa 500Gr
pop corn, Maíz Pop Corn BELL'S Bolsa 500Gr
caja de leche, Leche GLORIA UHT Calcio y hierro Caja 1L
caja de leche chocolatada, Leche GLORIA UHT Chocolatada Caja 1L
leche chocolatada, Leche GLORIA UHT Chocolatada Caja 1L
leche sabor chocolate, Leche GLORIA UHT Chocolatada Caja 1L
detergente ariel, Detergente en polvo ARIEL Regular Bolsa 2Kg
bolsa de detergente, Detergente en polvo ACE Regular Bolsa 2Kg
bolsa grande de detergente, Detergente en polvo ACE Regular Bolsa 5Kg
botella de gatetorade, Bebida rehidratante GATORADE Apple ice Botella 500Ml
gatorade, Bebida rehidratante GATORADE Apple ice Botella 500Ml
powerade, Bebida rehidratante POWERADE Ion frutas Botella 500Ml
sportade, Bebida rehidratante SPORADE Apple ice Botella 500Ml
sporade, Bebida rehidratante SPORADE Apple ice Botella 500Ml
botella de pisco porton, Pisco PORTON Mosto verde Torontel Botella 750Ml
pisco porton, Pisco PORTON Mosto verde Torontel Botella 750Ml
pisco acholado, Pisco BIONDI Acholado Botella 500ml
pisco italia, Pisco BIONDI Italia Botella 500Ml
cerveza artesanal, Cerveza BARBARIAN 174 Ipa Botella 330Ml
chela artesanal, Cerveza BARBARIAN 174 Ipa Botella 330Ml
cerveza importada, Cerveza DUVEL Belgian golden ale Botella 330Ml
chela importada, Cerveza DUVEL Belgian golden ale Botella 330Ml
botella de anisado, Anisado NAJAR Semi seco Botella 750Ml
puchos, Cigarros HAMILTON Light Caja 20Un
cajetilla, Cigarros HAMILTON Light Caja 20Un
cajetilla de cigarros, Cigarros HAMILTON Light Caja 20Un
caja de cigarros, Cigarros HAMILTON Light Caja 20Un
cajetilla de puchos, Cigarros HAMILTON Light Caja 20Un
caja de puchos, Cigarros HAMILTON Light Caja 20Un
frunas, Fruna AMBROSOLI Paquete 500Gr
paquete de frunas, Fruna AMBROSOLI Paquete 500Gr
durazno en lata, Durazno en conserva BELL'S En mitades Lata 820Gr
yogurt griego, Yogurt LA FLORENCIA Griego fresa Vaso 160Gr
detergente liquido, Detergente líquido ACE Concentrado Frasco 1L
kolinos, Crema Dental KOLYNOS Súper blanco Caja 100Gr
kolynos, Crema Dental KOLYNOS Súper blanco Caja 100Gr
jagger, Licor JAGERMEISTER Botella 1.75L
jager, Licor JAGERMEISTER Botella 1.75L
jagermeister, Licor JAGERMEISTER Botella 1.75L
botella de jagger, Licor JAGERMEISTER Botella 1.75L
botella de jager, Licor JAGERMEISTER Botella 1.75L
botella de jagermeister, Licor JAGERMEISTER Botella 1.75L
wisky, Whisky JOHNNIE WALKER Black label Botella 750Ml
wiskey, Whisky JOHNNIE WALKER Black label Botella 750Ml
whisky, Whisky JOHNNIE WALKER Black label Botella 750Ml
jack danields, Whisky JACK DANIEL'S Gentleman Botella 750Ml
jack daniels, Whisky JACK DANIEL'S Gentleman Botella 750Ml
wisky jack daniels, Whisky JACK DANIEL'S Gentleman Botella 750Ml
wiskie jack daniels, Whisky JACK DANIEL'S Gentleman Botella 750Ml
blue label, Whisky JOHNNIE WALKER Blue label Botella 750Ml
chivas, Whisky CHIVAS Regal 12 años Botella 750Ml
carti, Ron CARTAVIO Black Botella 750Ml
ron cartavio, Ron CARTAVIO Black Botella 750Ml
ron blanco, Ron APPLETON White Botella 750Ml
ron zacapa, Ron ZACAPA CENTENARIO 23 años Botella 750Ml
asti, Espumante RICCADONNA Asti demisec Botella 750Ml
bateria, Pilas y baterias ENERGIZER C Paquete 2Un
pilas pequeñas, Pilas y baterias DURACELL AAA Paquete 4Un
